{"cameraMode":{"drawMode":0,"name":"Shaded","section":"Shading Mode"},"sceneLighting":false,"audioPlay":false,"sceneViewState":{"m_AlwaysRefresh":false,"showFog":true,"showSkybox":false,"showFlares":true,"showImageEffects":true,"showParticleSystems":true,"showVisualEffectGraphs":true,"m_FxEnabled":true},"in2DMode":false,"pivot":{"x":4.670000076293945,"y":0.5024999976158142,"z":15.420000076293946},"rotation":{"x":-0.03287618234753609,"y":-0.8712045550346375,"z":-0.05889395624399185,"w":0.48627743124961855},"size":0.8703770637512207,"orthographic":false}