{"cameraMode":{"drawMode":0,"name":"Shaded","section":"Shading Mode"},"sceneLighting":false,"audioPlay":false,"sceneViewState":{"m_AlwaysRefresh":false,"showFog":true,"showSkybox":false,"showFlares":true,"showImageEffects":true,"showParticleSystems":true,"showVisualEffectGraphs":true,"m_FxEnabled":true},"in2DMode":false,"pivot":{"x":-0.0004784985212609172,"y":0.000683923892211169,"z":0.003964930772781372},"rotation":{"x":-0.11394970118999481,"y":0.6216424107551575,"z":-0.09203837811946869,"w":-0.7695255279541016},"size":0.005412693601101637,"orthographic":false}