{"cameraMode":{"drawMode":0,"name":"Shaded","section":"Shading Mode"},"sceneLighting":false,"audioPlay":false,"sceneViewState":{"m_AlwaysRefresh":false,"showFog":false,"showSkybox":false,"showFlares":false,"showImageEffects":false,"showParticleSystems":false,"showVisualEffectGraphs":true,"m_FxEnabled":true},"in2DMode":false,"pivot":{"x":-1.1226680696196922e-10,"y":1.000316858291626,"z":0.021833211183547975},"rotation":{"x":0.10409513115882874,"y":0.30256253480911257,"z":-0.03327549621462822,"w":0.9468660354614258},"size":0.5729137659072876,"orthographic":false}