{"cameraMode":{"drawMode":0,"name":"Shaded","section":"Shading Mode"},"sceneLighting":false,"audioPlay":false,"sceneViewState":{"m_AlwaysRefresh":false,"showFog":true,"showSkybox":false,"showFlares":true,"showImageEffects":true,"showParticleSystems":true,"showVisualEffectGraphs":true,"m_FxEnabled":true},"in2DMode":false,"pivot":{"x":2.9802322387695315e-8,"y":0.2713903784751892,"z":0.007691174745559692},"rotation":{"x":0.23034128546714784,"y":-0.26123470067977908,"z":0.06434421986341477,"w":0.9351794123649597},"size":0.459802508354187,"orthographic":false}