{"cameraMode":{"drawMode":0,"name":"Shaded","section":"Shading Mode"},"sceneLighting":false,"audioPlay":false,"sceneViewState":{"m_AlwaysRefresh":false,"showFog":true,"showSkybox":false,"showFlares":true,"showImageEffects":true,"showParticleSystems":true,"showVisualEffectGraphs":true,"m_FxEnabled":true},"in2DMode":false,"pivot":{"x":0.2579704821109772,"y":-0.07755471765995026,"z":0.6318730115890503},"rotation":{"x":0.007146486081182957,"y":0.9914276003837586,"z":-0.11533715575933457,"w":0.06198432669043541},"size":1.238896131515503,"orthographic":false}