{"cameraMode":{"drawMode":0,"name":"Shaded","section":"Shading Mode"},"sceneLighting":false,"audioPlay":false,"sceneViewState":{"m_AlwaysRefresh":false,"showFog":true,"showSkybox":false,"showFlares":true,"showImageEffects":true,"showParticleSystems":true,"showVisualEffectGraphs":true,"m_FxEnabled":true},"in2DMode":false,"pivot":{"x":0.07631953805685044,"y":0.07030600309371948,"z":0.20430441200733186},"rotation":{"x":0.018940646201372148,"y":0.9699236750602722,"z":-0.08020029217004776,"w":0.22904163599014283},"size":0.6194146871566773,"orthographic":false}