{"cameraMode":{"drawMode":0,"name":"Shaded","section":"Shading Mode"},"sceneLighting":false,"audioPlay":false,"sceneViewState":{"m_AlwaysRefresh":false,"showFog":true,"showSkybox":false,"showFlares":true,"showImageEffects":true,"showParticleSystems":true,"showVisualEffectGraphs":true,"m_FxEnabled":true},"in2DMode":false,"pivot":{"x":0.00015075504779815674,"y":0.461179256439209,"z":0.00014760345220565796},"rotation":{"x":0.0019163878168910742,"y":0.962128758430481,"z":0.006930713076144457,"w":-0.27276456356048586},"size":0.8241682648658752,"orthographic":false}