{"cameraMode":{"drawMode":0,"name":"Shaded","section":"Shading Mode"},"sceneLighting":false,"audioPlay":false,"sceneViewState":{"m_AlwaysRefresh":false,"showFog":true,"showSkybox":false,"showFlares":true,"showImageEffects":true,"showParticleSystems":true,"showVisualEffectGraphs":true,"m_FxEnabled":true},"in2DMode":false,"pivot":{"x":4.670000076293945,"y":0.5024999976158142,"z":15.420000076293946},"rotation":{"x":0.43625080585479739,"y":-0.11419595032930374,"z":0.05592412129044533,"w":0.8907976150512695},"size":0.8703770637512207,"orthographic":false}