{"cameraMode":{"drawMode":0,"name":"Shaded","section":"Shading Mode"},"sceneLighting":false,"audioPlay":false,"sceneViewState":{"m_AlwaysRefresh":false,"showFog":true,"showSkybox":false,"showFlares":true,"showImageEffects":true,"showParticleSystems":true,"showVisualEffectGraphs":true,"m_FxEnabled":true},"in2DMode":false,"pivot":{"x":-0.0002897903323173523,"y":0.3424987196922302,"z":-0.00003372877836227417},"rotation":{"x":0.0001755600969772786,"y":-0.9991240501403809,"z":-0.041678354144096377,"w":-0.004204197321087122},"size":0.5572519302368164,"orthographic":false}