{"cameraMode":{"drawMode":0,"name":"Shaded","section":"Shading Mode"},"sceneLighting":false,"audioPlay":false,"sceneViewState":{"m_AlwaysRefresh":false,"showFog":false,"showSkybox":false,"showFlares":false,"showImageEffects":false,"showParticleSystems":false,"showVisualEffectGraphs":true,"m_FxEnabled":true},"in2DMode":false,"pivot":{"x":0.08360365033149719,"y":0.7733112573623657,"z":0.06247788667678833},"rotation":{"x":0.10409513115882874,"y":0.30256253480911257,"z":-0.03327549621462822,"w":0.9468660354614258},"size":0.9874249696731567,"orthographic":false}