{"cameraMode":{"drawMode":0,"name":"Shaded","section":"Shading Mode"},"sceneLighting":false,"audioPlay":false,"sceneViewState":{"m_AlwaysRefresh":false,"showFog":true,"showSkybox":false,"showFlares":true,"showImageEffects":true,"showParticleSystems":true,"showVisualEffectGraphs":true,"m_FxEnabled":true},"in2DMode":false,"pivot":{"x":0.04215729236602783,"y":0.003849327564239502,"z":-0.03100001811981201},"rotation":{"x":0.05215999484062195,"y":-0.9469237923622131,"z":0.20182959735393525,"w":0.24471479654312135},"size":1.812845230102539,"orthographic":false}