{"cameraMode":{"drawMode":0,"name":"Shaded","section":"Shading Mode"},"sceneLighting":false,"audioPlay":false,"sceneViewState":{"m_AlwaysRefresh":false,"showFog":true,"showSkybox":false,"showFlares":true,"showImageEffects":true,"showParticleSystems":true,"showVisualEffectGraphs":true,"m_FxEnabled":true},"in2DMode":false,"pivot":{"x":0.0003707408905029297,"y":0.29212212562561037,"z":0.000959496945142746},"rotation":{"x":-0.002441572956740856,"y":-0.9975462555885315,"z":0.046728599816560748,"w":-0.05212651938199997},"size":0.7634062170982361,"orthographic":false}