{"cameraMode":{"drawMode":0,"name":"Shaded","section":"Shading Mode"},"sceneLighting":false,"audioPlay":false,"sceneViewState":{"m_AlwaysRefresh":false,"showFog":false,"showSkybox":false,"showFlares":false,"showImageEffects":false,"showParticleSystems":false,"showVisualEffectGraphs":true,"m_FxEnabled":true},"in2DMode":false,"pivot":{"x":-0.040454596281051639,"y":0.39121314883232119,"z":-0.030386805534362794},"rotation":{"x":0.10409513115882874,"y":0.30256253480911257,"z":-0.03327549621462822,"w":0.9468660354614258},"size":1.0293774604797364,"orthographic":false}