{"cameraMode":{"drawMode":0,"name":"Shaded","section":"Shading Mode"},"sceneLighting":false,"audioPlay":false,"sceneViewState":{"m_AlwaysRefresh":false,"showFog":true,"showSkybox":false,"showFlares":true,"showImageEffects":true,"showParticleSystems":true,"showVisualEffectGraphs":true,"m_FxEnabled":true},"in2DMode":false,"pivot":{"x":-0.007451951503753662,"y":0.2972230315208435,"z":0.0008512735366821289},"rotation":{"x":-0.04069007560610771,"y":-0.9510993957519531,"z":0.27123579382896426,"w":-0.14260810613632203},"size":0.6446951031684876,"orthographic":false}