{"cameraMode":{"drawMode":0,"name":"Shaded","section":"Shading Mode"},"sceneLighting":false,"audioPlay":false,"sceneViewState":{"m_AlwaysRefresh":false,"showFog":false,"showSkybox":false,"showFlares":false,"showImageEffects":false,"showParticleSystems":false,"showVisualEffectGraphs":true,"m_FxEnabled":true},"in2DMode":false,"pivot":{"x":8.940696716308594e-8,"y":0.8145546913146973,"z":0.03836680203676224},"rotation":{"x":0.10409513115882874,"y":0.30256253480911257,"z":-0.03327549621462822,"w":0.9468660354614258},"size":0.9453541040420532,"orthographic":false}