{"cameraMode":{"drawMode":0,"name":"Shaded","section":"Shading Mode"},"sceneLighting":false,"audioPlay":false,"sceneViewState":{"m_AlwaysRefresh":false,"showFog":true,"showSkybox":false,"showFlares":true,"showImageEffects":true,"showParticleSystems":true,"showVisualEffectGraphs":true,"m_FxEnabled":true},"in2DMode":false,"pivot":{"x":-0.00026810169219970703,"y":-0.000696912407875061,"z":0.0008848905563354492},"rotation":{"x":0.05215999484062195,"y":-0.9469237923622131,"z":0.20182959735393525,"w":0.24471479654312135},"size":2.1808693408966066,"orthographic":false}