{"cameraMode":{"drawMode":0,"name":"Shaded","section":"Shading Mode"},"sceneLighting":false,"audioPlay":false,"sceneViewState":{"m_AlwaysRefresh":false,"showFog":true,"showSkybox":false,"showFlares":true,"showImageEffects":true,"showParticleSystems":true,"showVisualEffectGraphs":true,"m_FxEnabled":true},"in2DMode":false,"pivot":{"x":1.3300936222076417,"y":0.7076588869094849,"z":0.5844342708587647},"rotation":{"x":0.0541376993060112,"y":-0.8190470337867737,"z":0.5657679438591003,"w":0.07837359607219696},"size":1.8818283081054688,"orthographic":false}