{"cameraMode":{"drawMode":0,"name":"Shaded","section":"Shading Mode"},"sceneLighting":false,"audioPlay":false,"sceneViewState":{"m_AlwaysRefresh":false,"showFog":false,"showSkybox":false,"showFlares":false,"showImageEffects":false,"showParticleSystems":false,"showVisualEffectGraphs":true,"m_FxEnabled":true},"in2DMode":false,"pivot":{"x":0.010450899600982666,"y":0.7439943552017212,"z":0.09232395887374878},"rotation":{"x":-0.08590501546859741,"y":0.793639600276947,"z":-0.11533170193433762,"w":-0.5911458730697632},"size":1.2635458707809449,"orthographic":false}