{"cameraMode":{"drawMode":0,"name":"Shaded","section":"Shading Mode"},"sceneLighting":false,"audioPlay":false,"sceneViewState":{"m_AlwaysRefresh":false,"showFog":true,"showSkybox":false,"showFlares":true,"showImageEffects":true,"showParticleSystems":true,"showVisualEffectGraphs":true,"m_FxEnabled":true},"in2DMode":false,"pivot":{"x":-0.0004784985212609172,"y":0.000683923892211169,"z":0.003964930772781372},"rotation":{"x":0.05375479906797409,"y":0.6250596642494202,"z":-0.04317544028162956,"w":0.7775536179542542},"size":0.01626749522984028,"orthographic":false}