{"cameraMode":{"drawMode":0,"name":"Shaded","section":"Shading Mode"},"sceneLighting":false,"audioPlay":false,"sceneViewState":{"m_AlwaysRefresh":false,"showFog":false,"showSkybox":false,"showFlares":false,"showImageEffects":false,"showParticleSystems":false,"showVisualEffectGraphs":true,"m_FxEnabled":true},"in2DMode":false,"pivot":{"x":-0.0028210522141307594,"y":51.059871673583987,"z":0.12420552968978882},"rotation":{"x":0.02369927614927292,"y":-0.9742687344551086,"z":0.18786786496639253,"w":0.1224992647767067},"size":128.20675659179688,"orthographic":false}