{"cameraMode":{"drawMode":0,"name":"Shaded","section":"Shading Mode"},"sceneLighting":false,"audioPlay":false,"sceneViewState":{"m_AlwaysRefresh":false,"showFog":true,"showSkybox":false,"showFlares":true,"showImageEffects":true,"showParticleSystems":true,"showVisualEffectGraphs":true,"m_FxEnabled":true},"in2DMode":false,"pivot":{"x":0.1506119966506958,"y":0.19684597849845887,"z":0.11080995947122574},"rotation":{"x":-0.014342047274112702,"y":-0.9000891447067261,"z":0.029713893309235574,"w":-0.43446409702301028},"size":0.1495993584394455,"orthographic":false}