{"cameraMode":{"drawMode":0,"name":"Shaded","section":"Shading Mode"},"sceneLighting":false,"audioPlay":false,"sceneViewState":{"m_AlwaysRefresh":false,"showFog":true,"showSkybox":false,"showFlares":true,"showImageEffects":true,"showParticleSystems":true,"showVisualEffectGraphs":true,"m_FxEnabled":true},"in2DMode":false,"pivot":{"x":0.3904612064361572,"y":-1.102596402168274,"z":-0.4317142069339752},"rotation":{"x":0.06229093298316002,"y":0.3278644382953644,"z":-0.02166976034641266,"w":0.9424280524253845},"size":0.8660253882408142,"orthographic":true}