{"cameraMode":{"drawMode":0,"name":"Shaded","section":"Shading Mode"},"sceneLighting":false,"audioPlay":false,"sceneViewState":{"m_AlwaysRefresh":false,"showFog":true,"showSkybox":false,"showFlares":true,"showImageEffects":true,"showParticleSystems":true,"showVisualEffectGraphs":true,"m_FxEnabled":true},"in2DMode":false,"pivot":{"x":0.23399999737739564,"y":0.03700000047683716,"z":0.04999999701976776},"rotation":{"x":0.0901508778333664,"y":-0.2939223647117615,"z":0.027866804972290994,"w":0.9511761665344238},"size":0.43099167943000796,"orthographic":false}